userid,last_login
3652,2020-06-17 10:58:11
3150,2020-05-17 08:18:33
3855,2020-06-23 15:22:27
3700,2020-06-11 21:37:37
5888,2020-05-30 14:18:06
5432,2020-05-21 05:36:45
5198,2020-07-02 15:11:00
8365,2020-06-09 21:01:03
863,2020-05-20 23:25:15
6297,2020-05-14 12:24:52
2252,2020-06-16 13:51:16
8355,2020-06-14 04:37:53
6585,2020-05-30 13:00:56
9261,2020-06-06 16:26:55
7342,2020-06-09 20:49:34
760,2020-06-18 04:06:15
4383,2020-05-11 02:29:28
7085,2020-05-28 21:14:16
5952,2020-06-11 14:14:39
6727,2020-05-18 08:06:14
3350,2020-06-17 09:15:32
5241,2020-07-02 09:52:39
931,2020-06-02 17:12:26
5284,2020-06-11 01:20:07
8021,2020-06-18 20:03:06
318,2020-06-17 20:25:19
1585,2020-06-08 06:44:17
8769,2020-07-02 06:35:02
3025,2020-05-20 06:35:28
7409,2020-05-26 12:57:46
2604,2020-05-05 06:12:53
4635,2020-06-10 08:47:16
5951,2020-05-03 18:29:45
8303,2020-06-09 22:38:47
4071,2020-06-27 21:08:16
3276,2020-05-22 20:03:36
1731,2020-06-13 07:28:08
3496,2020-05-12 14:59:50
7023,2020-06-11 01:22:02
7349,2020-06-03 16:24:14
1726,2020-06-05 17:47:59
1839,2020-05-31 04:44:58
9886,2020-06-12 14:52:27
8616,2020-05-13 14:41:40
203,2020-05-06 08:31:36
8431,2020-06-09 13:09:58
2114,2020-06-07 05:37:18
5438,2020-05-03 05:29:11
980,2020-05-16 09:11:05
8773,2020-05-28 01:47:43
9154,2020-06-04 16:30:44
7474,2020-05-25 21:28:57
8995,2020-05-04 11:37:33
5526,2020-06-13 23:19:14
733,2020-05-04 20:36:39
9151,2020-06-27 19:34:16
1293,2020-05-12 04:10:19
971,2020-06-25 11:50:49
9475,2020-05-07 21:30:17
1070,2020-06-10 11:10:47
7557,2020-06-08 12:43:25
3470,2020-05-25 06:37:58
4517,2020-06-26 13:20:19
2880,2020-05-08 23:08:40
3561,2020-07-01 19:01:43
4528,2020-05-16 04:25:41
361,2020-05-31 15:49:37
3101,2020-06-21 18:14:42
2803,2020-06-07 03:16:02
8270,2020-06-13 04:01:44
5100,2020-05-22 03:24:46
537,2020-06-17 00:23:19
2522,2020-06-24 10:23:38
5077,2020-06-10 23:20:27
2127,2020-05-06 23:42:26
9254,2020-05-03 13:20:07
3679,2020-05-14 20:59:18
9550,2020-05-23 16:23:04
8857,2020-05-24 14:51:44
5963,2020-05-02 08:41:42
5616,2020-05-25 11:17:28
4634,2020-05-18 00:33:46
5782,2020-06-15 21:03:25
7116,2020-05-22 01:43:30
9489,2020-05-02 15:15:08
3985,2020-06-24 05:34:01
5276,2020-06-22 18:50:28
2161,2020-06-03 10:57:07
7968,2020-06-17 23:39:33
4656,2020-05-30 03:25:20
9577,2020-05-31 18:43:33
6392,2020-07-01 08:18:33
6628,2020-06-03 11:57:18
3653,2020-05-15 04:54:32
5087,2020-06-20 13:48:18
9536,2020-06-17 10:48:42
2674,2020-06-19 03:13:49
3466,2020-06-01 06:45:07
3432,2020-05-07 23:42:30
8335,2020-06-06 05:40:51
8375,2020-06-17 16:08:21
682,2020-05-03 03:31:27
8407,2020-06-06 08:45:22
1616,2020-06-16 22:52:13
2345,2020-06-20 06:54:26
4593,2020-05-23 21:30:44
304,2020-06-26 09:40:18
7336,2020-05-23 18:06:10
6280,2020-05-01 11:20:27
9891,2020-06-10 23:37:42
1830,2020-06-04 12:48:25
3325,2020-06-09 10:16:13
306,2020-06-05 12:12:40
5497,2020-05-23 20:59:31
7310,2020-06-03 19:12:01
2581,2020-05-31 23:49:58
9226,2020-05-15 00:15:09
3810,2020-06-30 20:20:26
9639,2020-06-02 18:15:05
1631,2020-06-22 17:59:35
8760,2020-06-11 05:47:09
832,2020-06-29 06:12:26
7272,2020-06-01 20:06:41
2048,2020-06-20 13:44:54
8678,2020-06-01 13:16:15
172,2020-06-29 17:33:09
2508,2020-06-16 11:44:15
7518,2020-06-02 06:31:27
8866,2020-05-21 07:02:35
9146,2020-05-04 05:24:13
9213,2020-06-08 05:03:00
4876,2020-05-23 19:31:05
1890,2020-05-10 05:15:20
267,2020-05-24 15:02:34
699,2020-05-20 14:16:14
2673,2020-06-13 19:35:05
5579,2020-05-10 20:34:48
5968,2020-06-11 16:56:21
5600,2020-05-15 23:09:34
5290,2020-05-17 11:03:17
3981,2020-05-10 16:41:38
3583,2020-05-07 10:23:07
3230,2020-05-31 18:09:09
3795,2020-06-10 00:48:26
4149,2020-05-08 01:20:27
1464,2020-06-17 09:33:30
209,2020-06-14 18:45:35
2517,2020-05-30 10:59:30
6664,2020-06-22 00:09:55
4030,2020-06-28 18:11:04
8210,2020-06-09 00:33:41
5722,2020-05-26 11:54:54
5603,2020-05-16 00:22:36
4629,2020-06-25 00:52:40
9351,2020-05-18 03:11:13
6295,2020-06-16 11:11:28
9645,2020-06-04 03:57:15
3661,2020-06-24 01:37:20
6651,2020-06-22 11:09:41
4209,2020-06-07 18:23:31
2094,2020-06-01 10:27:41
1991,2020-05-16 06:10:55
8979,2020-06-08 14:59:44
2689,2020-06-05 18:24:44
4230,2020-05-29 13:14:45
2505,2020-05-24 01:26:45
1073,2020-05-17 17:52:28
402,2020-05-26 10:53:12
3272,2020-05-20 16:16:00
6291,2020-06-06 22:17:30
9627,2020-06-21 06:47:57
7144,2020-05-05 00:38:33
1834,2020-05-28 12:02:55
2104,2020-06-29 12:59:02
895,2020-06-19 11:21:45
739,2020-05-22 22:25:32
1522,2020-05-15 13:18:18
8404,2020-05-26 00:09:03
9135,2020-05-26 21:37:40
475,2020-06-06 10:29:20
5556,2020-06-22 18:17:11
7646,2020-06-24 06:46:49
5449,2020-05-14 05:05:49
787,2020-05-09 15:27:42
5624,2020-05-17 10:58:46
7172,2020-05-08 20:50:55
492,2020-05-05 00:44:32
3130,2020-05-12 11:31:11
364,2020-06-05 19:47:17
4363,2020-05-25 01:59:01
8288,2020-05-12 07:17:39
5360,2020-06-27 17:40:06
4871,2020-06-14 11:59:06
1675,2020-05-05 13:26:47
5969,2020-06-23 12:10:05
1865,2020-06-16 19:41:20
5406,2020-05-28 22:14:11
2180,2020-06-27 05:52:00
6120,2020-06-29 14:07:48
7350,2020-06-14 19:46:18
2971,2020-06-08 03:03:09
9715,2020-05-10 01:05:22
6979,2020-06-04 02:18:49
3537,2020-07-01 07:23:27
6933,2020-06-19 14:07:22
8931,2020-05-21 20:08:57
3395,2020-06-20 10:42:31
7736,2020-05-02 18:27:09
248,2020-06-03 01:31:54
7054,2020-06-02 06:27:10
1302,2020-05-03 10:47:26
9394,2020-05-08 07:42:11
1016,2020-05-08 15:38:04
2918,2020-06-20 05:35:20
914,2020-06-13 03:49:13
3258,2020-06-04 05:15:31
3425,2020-05-27 18:58:47
4511,2020-06-24 16:07:32
2482,2020-06-01 10:26:42
2243,2020-06-18 11:53:20
2225,2020-06-27 04:45:17
8309,2020-07-02 21:30:35
4409,2020-05-10 01:23:34
3364,2020-06-14 04:28:04
1168,2020-05-25 17:04:41
595,2020-05-22 14:31:56
8732,2020-06-11 19:32:41
2577,2020-06-30 14:35:24
1038,2020-06-09 21:02:16
7989,2020-05-12 14:49:33
8561,2020-05-19 17:38:47
5529,2020-06-23 04:17:28
6417,2020-06-18 02:31:53
1894,2020-06-11 10:24:41
4422,2020-06-12 05:41:28
2185,2020-05-30 22:10:08
3322,2020-06-14 02:08:12
1825,2020-05-08 15:07:50
1919,2020-05-09 12:41:39
755,2020-06-30 08:54:39
6211,2020-06-11 04:04:55
5188,2020-05-25 16:06:46
1154,2020-06-28 13:31:05
9702,2020-06-02 10:45:00
996,2020-05-12 18:36:47
3963,2020-05-08 17:27:21
695,2020-05-12 11:54:39
8033,2020-05-08 08:58:44
6359,2020-05-02 21:27:59
9087,2020-06-04 18:46:42
7228,2020-05-31 20:33:46
2573,2020-05-19 08:18:03
4803,2020-05-30 08:27:37
393,2020-05-27 05:03:22
2626,2020-05-18 10:31:30
200,2020-05-12 22:15:14
184,2020-06-27 18:25:46
5631,2020-05-28 04:31:17
5812,2020-05-17 18:45:25
4300,2020-06-16 07:49:59
5755,2020-06-24 01:04:47
519,2020-05-30 03:30:56
4046,2020-05-31 01:31:44
7200,2020-05-11 18:31:36
1697,2020-07-02 09:13:05
4944,2020-05-19 05:31:49
4946,2020-05-01 09:17:35
7193,2020-05-28 06:41:27
2516,2020-05-29 19:31:13
8511,2020-05-08 17:56:39
2400,2020-05-03 13:51:47
9762,2020-05-25 21:53:25
6419,2020-05-02 17:23:20
2291,2020-05-21 07:56:47
6017,2020-05-27 08:27:08
7529,2020-05-16 02:32:14
7510,2020-06-17 00:13:48
3668,2020-06-26 13:32:45
1644,2020-05-25 16:01:41
8334,2020-06-07 17:13:33
7215,2020-06-20 17:30:07
1871,2020-06-24 10:40:55
7824,2020-05-09 11:41:32
7357,2020-05-17 20:35:54
289,2020-07-01 05:33:17
9188,2020-06-10 05:57:20
2298,2020-06-08 09:38:16
7872,2020-06-09 22:09:58
253,2020-05-31 06:00:36
2265,2020-05-11 13:03:42
8486,2020-05-09 11:58:27
6140,2020-05-23 11:14:14
6819,2020-06-01 04:36:59
3665,2020-06-10 05:22:29
3374,2020-06-15 06:42:48
9412,2020-06-15 02:20:58
2900,2020-05-04 13:33:55
6022,2020-05-15 03:35:27
1992,2020-05-20 14:26:26
7327,2020-07-02 16:39:15
4262,2020-06-15 03:07:55
1591,2020-07-01 04:19:32
2629,2020-06-07 20:33:55
8236,2020-06-11 05:04:35
9690,2020-06-04 20:53:04
7885,2020-06-03 06:36:11
9693,2020-06-08 13:21:06
6223,2020-05-10 16:14:44
2819,2020-06-20 03:34:01
1717,2020-05-11 01:12:33
8621,2020-06-04 14:09:35
1624,2020-05-15 02:03:58
4981,2020-05-20 15:59:28
4181,2020-07-01 20:17:29
2313,2020-05-28 19:28:33
7552,2020-06-28 02:02:39
6338,2020-05-08 12:05:09
715,2020-05-04 03:31:49
7806,2020-06-19 01:15:27
4857,2020-05-15 07:19:27
1060,2020-06-24 10:44:57
5938,2020-05-23 12:34:51
4586,2020-06-08 08:47:22
5291,2020-05-03 14:05:17
5566,2020-05-26 16:14:39
5956,2020-05-07 23:58:23
9999,2020-06-11 15:12:33
4198,2020-05-21 07:05:17
4885,2020-05-15 21:54:07
9726,2020-05-11 07:29:09
1824,2020-05-14 02:00:04
827,2020-07-01 07:35:41
8093,2020-06-02 03:29:01
5706,2020-05-03 03:11:32
5298,2020-05-14 07:02:51
4214,2020-06-18 19:47:19
167,2020-06-11 15:52:21
1087,2020-06-18 11:04:14
8453,2020-06-11 07:20:03
9482,2020-05-21 08:23:18
6079,2020-05-10 05:57:38
9927,2020-06-10 06:12:56
2226,2020-06-14 06:27:37
2183,2020-06-18 21:33:04
9678,2020-06-15 21:35:40
444,2020-06-14 20:15:24
6874,2020-05-08 06:02:09
3881,2020-07-02 17:38:33
4945,2020-05-18 09:02:18
270,2020-05-25 05:14:29
8263,2020-06-18 15:10:07
8618,2020-05-03 14:31:54
9409,2020-06-20 06:45:02
5003,2020-06-11 02:59:27
8887,2020-05-02 05:54:53
8050,2020-05-20 03:38:07
3431,2020-05-30 16:06:55
8454,2020-06-13 03:18:43
6404,2020-07-02 05:05:31
5694,2020-06-17 02:08:39
5147,2020-07-01 21:56:50
4794,2020-06-19 10:18:31
7974,2020-06-25 11:07:24
5879,2020-06-15 03:08:47
6652,2020-06-28 02:15:41
5178,2020-05-30 12:24:25
1383,2020-05-14 08:55:59
7288,2020-06-16 14:49:04
1350,2020-05-28 10:16:06
550,2020-05-22 04:00:14
4475,2020-07-02 18:11:37
4064,2020-05-30 12:32:08
5505,2020-05-01 22:16:15
2537,2020-05-08 07:44:58
9785,2020-05-02 17:42:30
6145,2020-06-20 20:02:50
9752,2020-05-04 03:55:54
4613,2020-05-12 15:50:49
9132,2020-06-11 23:32:48
4290,2020-05-30 01:05:07
2157,2020-05-02 21:59:15
9120,2020-06-20 16:48:16
2138,2020-06-25 19:50:48
4744,2020-06-14 14:08:34
4716,2020-06-17 15:12:38
6046,2020-05-24 18:03:25
66,2020-06-21 21:23:36
6014,2020-06-18 22:07:56
3772,2020-06-11 06:04:57
33,2020-05-01 05:32:59
6183,2020-06-24 09:19:33
6357,2020-05-06 14:39:03
3312,2020-05-15 07:05:24
3751,2020-06-20 22:52:46
2639,2020-06-17 16:27:22
9561,2020-05-12 06:56:25
6281,2020-06-06 05:03:26
6978,2020-05-18 19:40:45
3138,2020-05-21 08:16:02
3094,2020-06-25 08:17:49
3698,2020-06-06 22:50:41
4022,2020-06-27 11:19:12
5347,2020-05-08 18:23:09
7910,2020-05-13 21:05:16
3812,2020-05-02 03:31:56
591,2020-05-25 15:48:03
2455,2020-06-13 15:42:10
4052,2020-05-10 08:21:59
2954,2020-05-24 23:39:12
1600,2020-05-26 05:22:24
7422,2020-06-19 14:15:45
1805,2020-05-15 06:59:05
5916,2020-06-22 17:29:28
6463,2020-05-19 17:01:22
4588,2020-05-26 18:38:18
5382,2020-05-28 13:14:05
6594,2020-05-26 17:40:43
8602,2020-06-20 12:45:58
232,2020-05-20 20:55:13
528,2020-05-12 04:52:26
1554,2020-06-13 00:18:02
5771,2020-06-30 01:16:54
6898,2020-06-05 04:38:27
9671,2020-05-29 03:29:13
2099,2020-05-29 13:59:30
5823,2020-06-22 06:02:17
6624,2020-06-18 01:44:54
865,2020-06-02 03:35:15
4273,2020-05-18 20:53:24
1928,2020-06-26 02:11:48
2499,2020-05-16 00:18:53
7732,2020-05-10 07:56:18
8633,2020-06-10 01:04:53
1949,2020-06-19 02:55:22
2887,2020-05-13 07:40:15
6890,2020-05-05 16:37:02
4567,2020-05-08 13:22:58
4075,2020-05-31 22:09:51
2978,2020-06-27 10:59:06
7256,2020-05-03 22:01:33
6482,2020-05-30 19:10:12
3018,2020-06-22 03:40:21
6147,2020-05-25 15:01:40
7127,2020-06-30 00:09:49
2401,2020-06-23 05:06:31
7838,2020-06-19 18:09:16
2848,2020-05-25 20:22:35
908,2020-05-23 19:36:29
3962,2020-06-07 08:09:11
8098,2020-06-16 21:20:41
9965,2020-06-29 16:56:42
4125,2020-06-27 10:43:30
5405,2020-05-16 05:03:53
2759,2020-06-29 00:43:54
9206,2020-06-04 09:36:18
5813,2020-05-20 07:17:51
1251,2020-06-03 20:35:00
3468,2020-06-16 21:04:25
190,2020-06-30 06:46:51
9105,2020-05-12 06:22:06
9632,2020-05-27 09:50:12
2245,2020-05-07 07:47:23
8056,2020-05-31 05:51:41
9399,2020-06-18 11:59:49
835,2020-06-28 07:59:02
1880,2020-05-15 23:51:40
6224,2020-06-13 14:54:13
4674,2020-06-07 09:55:07
5296,2020-06-04 03:19:13
3559,2020-06-10 08:59:25
515,2020-05-12 19:52:07
2792,2020-06-18 06:08:09
8690,2020-06-26 10:58:33
6486,2020-05-31 18:43:51
9363,2020-05-14 05:37:07
3816,2020-06-17 03:37:08
3095,2020-06-06 09:27:24
5083,2020-05-11 14:30:20
8743,2020-06-22 19:50:42
5054,2020-06-29 15:00:05
2320,2020-05-17 22:15:05
2571,2020-05-02 03:31:09
3455,2020-05-24 04:48:42
3260,2020-05-23 09:52:59
5445,2020-05-27 19:46:54
6526,2020-06-30 20:14:30
416,2020-06-16 19:02:28
7100,2020-07-01 10:33:38
2596,2020-06-02 12:46:56
215,2020-06-07 12:17:04
5659,2020-06-08 16:52:48
9370,2020-05-24 12:57:21
1074,2020-06-16 00:31:34
9882,2020-06-28 19:10:44
559,2020-06-04 15:12:42
6732,2020-05-02 18:29:26
9938,2020-05-28 08:06:16
9949,2020-06-19 06:19:33
8521,2020-05-02 21:11:11
